repo_name,repo_owner,commit_id,committer_name,date,code_size_LOC,repo_size_LOC
swift-argument-parser,apple,f6ac7b8118ff5d1bc0faee7f37bf6f8fd8f95602,Nate Cook,2020-02-20 08:07:01-08:00,22666,286.91
swift-argument-parser,apple,fe504ebee94c5ba345d3b9e0d664ee43bdb5ef37,Nate Cook,2020-02-27 17:52:20-06:00,0,0.0
swift-argument-parser,apple,2773dffa284b2ecc16e71d7f07167f773ad60f6b,Nate Cook,2020-02-27 18:08:03-06:00,0,0.0
swift-argument-parser,apple,e17dac8424d0275d082dacf00524f2c372d50bf8,GitHub,2020-02-28 14:50:19+07:00,0,0.0
swift-argument-parser,apple,f83b3d374f845da80a0ace9c8acc59a51c0e9cf3,GitHub,2020-02-28 21:21:17+07:00,0,0.0
swift-argument-parser,apple,60db8cc34401d26f96015c3276f62bb2d79d944f,GitHub,2020-02-28 10:55:03-06:00,0,0.0
swift-argument-parser,apple,cef6cd1fc2cb41e84c6786a7ea81a2350cf264e3,GitHub,2020-02-28 17:55:12+01:00,14,2.8
swift-argument-parser,apple,d131c47155ff32ed1d63a8ff7cb9c8166cf437f7,GitHub,2020-02-28 20:33:57+01:00,0,0.0
swift-argument-parser,apple,339baea0a5d8c9b26c6e9be47df8e713f6e26234,GitHub,2020-02-28 20:34:39+01:00,10,10.0
swift-argument-parser,apple,598ba07a2f9d61e34f00c289305e64cf52abb224,GitHub,2020-03-01 01:43:51+09:00,0,0.0
swift-argument-parser,apple,8d952c8513a1b1d215c4cf821c0309abb5cf5966,GitHub,2020-02-29 13:19:39-06:00,0,0.0
swift-argument-parser,apple,78302023c05c9fd57e8ca17ab23cb0ce2754d538,GitHub,2020-02-29 22:56:55-08:00,46,15.33
swift-argument-parser,apple,4a7aebd4ac35e50dad130366ee1aae6eed550573,GitHub,2020-03-01 12:29:48+05:18,0,0.0
swift-argument-parser,apple,1d469039f44e8ae177205db2f0bab46c683e498b,Nate Cook,2020-03-01 01:42:43-06:00,8,8.0
swift-argument-parser,apple,7e25c0005f173369e52ae1bfc6edc7c76cb8d34e,Nate Cook,2020-03-01 01:48:11-06:00,2,2.0
swift-argument-parser,apple,0a401ef48c7afd4498e201ab015a53de302693e2,GitHub,2020-03-02 17:46:23+01:00,14,7.0
swift-argument-parser,apple,6f58e68a6aa3b03bc2cbc36f340f2c12ca5775c3,GitHub,2020-03-02 11:54:10-05:00,-2,-0.1
swift-argument-parser,apple,e21b10e5c27da53ba03a2771763b87a49297a465,GitHub,2020-03-02 18:04:59+01:00,42,21.0
swift-argument-parser,apple,fd5b49c8dcd5084c65f622cfb253ed50f72321d1,GitHub,2020-03-02 18:21:03+01:00,250,50.0
swift-argument-parser,apple,8a23e0b3a47a4187cdb994f50010f2982b650a66,GitHub,2020-03-02 10:23:12-07:00,0,0.0
swift-argument-parser,apple,49893948c28aa16deefa3b861a238512d79bb984,GitHub,2020-03-02 10:23:31-07:00,0,0.0
swift-argument-parser,apple,4d2be9002754ec5a384b7a05fad3793424c994f5,GitHub,2020-03-02 18:25:07+01:00,-80,-26.67
swift-argument-parser,apple,4d57c8c43ff5107e634a55b85bf53c674d06d24c,Nate Cook,2020-03-02 14:47:08-06:00,0,0.0
swift-argument-parser,apple,c916dbd63e2df859b30877d2053f06c60278fcdd,GitHub,2020-03-02 12:51:11-08:00,20,10.0
swift-argument-parser,apple,49edf191eeb0b734c48827971e0c1ac0db16a9d8,GitHub,2020-03-02 12:51:39-08:00,2,2.0
swift-argument-parser,apple,b9eb417354dc3e7d7fcbad2d8a63c90cc8ce1a56,GitHub,2020-03-02 14:26:31-08:00,262,21.83
swift-argument-parser,apple,9e86019f968d594988dd7da5304e63f985bb5a01,GitHub,2020-03-02 15:58:47-07:00,12,6.0
swift-argument-parser,apple,a1d6e00c614284aa3d9e69558f5c36d8bd94fe36,Nate Cook,2020-03-02 17:15:31-06:00,36,12.0
swift-argument-parser,apple,6b3a0a12a3e8f7f8bedf77f8d6e99df7891dfcd7,GitHub,2020-03-03 19:54:15+01:00,-54,-27.0
swift-argument-parser,apple,53a00f51fbd1ebe6dffc78e062e904847a762e22,GitHub,2020-03-04 10:24:27-07:00,86,17.2
swift-argument-parser,apple,9ebf401d274c4ef0a634cd4c4494b4a63f12baaf,GitHub,2020-03-04 13:10:28-06:00,264,24.0
swift-argument-parser,apple,7ac45d6828e58005621cf51b2a0b3f1e0cda3e3d,GitHub,2020-03-05 14:56:52-06:00,288,48.0
swift-argument-parser,apple,58660b05c444b6916df980e7ad1e8f047cf14977,Nate Cook,2020-03-04 11:11:52-06:00,88,88.0
swift-argument-parser,apple,2d256de11c3f0a9b2d912a6c9556a6aef3379ec4,GitHub,2020-03-05 23:58:03-08:00,82,41.0
swift-argument-parser,apple,b3a77c4dc79c3017c4f5d1d4016c8d36d4258faa,GitHub,2020-03-06 01:19:57-07:00,120,60.0
swift-argument-parser,apple,77ad487e3da8aa2eebc33b8e8d27893dd4118403,GitHub,2020-03-06 09:07:28-07:00,12,6.0
swift-argument-parser,apple,d8fb6bdd63fa541e0ea52a99556093e1c3a60586,Nate Cook,2020-03-06 10:17:04-06:00,0,0.0
swift-argument-parser,apple,3af071f5667dbada4886fb32ddd3a9578bf719db,GitHub,2020-03-06 11:37:47-07:00,50,12.5
swift-argument-parser,apple,7f5984a29bf6fa0bd158c3e7e8f39fa31a5f062e,GitHub,2020-03-06 15:33:53-07:00,46,23.0
swift-argument-parser,apple,b5426db472c9189270e2705ebfe7f972f3eca299,GitHub,2020-03-06 18:20:40-05:00,6,3.0
swift-argument-parser,apple,5060e5521a34272016584ff1ed53dc5764a411a6,Nate Cook,2020-03-06 17:26:28-06:00,-72,-72.0
swift-argument-parser,apple,49dc6b1841a494104336157c6d208a831550e9b4,Nate Cook,2020-03-06 17:30:02-06:00,74,74.0
swift-argument-parser,apple,35b76bf577d3cc74820f8991894ce3bcdf024ddc,Nate Cook,2020-03-06 17:36:57-06:00,80,80.0
swift-argument-parser,apple,be65f492ba72b7a08805bbb2cd1e3e064fbc3be8,Nate Cook,2020-03-06 23:51:00-06:00,-6,-6.0
swift-argument-parser,apple,215a8bfab721de246c300ee5cc09f796663deb3c,GitHub,2020-03-09 08:26:49-07:00,-2,-0.22
swift-argument-parser,apple,fa538c256024a722e092539b5d47f6094d21cf90,GitHub,2020-03-09 15:36:19+00:00,0,0.0
swift-argument-parser,apple,1e05511552fed58f45a764b0b0ac1296cdb4495f,GitHub,2020-03-09 17:12:42-05:00,374,74.8
swift-argument-parser,apple,34300696f55ce2d1a845ac63c454a8419877d765,Nate Cook,2020-03-09 11:23:44-07:00,0,0.0
swift-argument-parser,apple,39616cbbf90142a5ab40a5c86d84c19db8a82463,GitHub,2020-03-10 19:56:12-04:00,0,0.0
swift-argument-parser,apple,bbe4ec142bf3b7f5553a02c2d5026572ceacd365,GitHub,2020-03-10 21:34:00-06:00,22,7.33
swift-argument-parser,apple,164f9a71ec5fbac2df2962e4af83c885a2588c0b,Nate Cook,2020-03-10 22:51:20-05:00,22,22.0
swift-argument-parser,apple,747d6e57485df49043c75bb22350195a80cf4b0e,GitHub,2020-03-12 14:28:33+09:00,98,24.5
swift-argument-parser,apple,59d36639e88dc5e3da08e22b11d1356ce945bdff,Nate Cook,2020-03-12 00:58:19-05:00,10,10.0
swift-argument-parser,apple,ebb9a45751baf07e6fa0973f37925a34bf1a1408,GitHub,2020-03-12 11:33:25-05:00,146,36.5
swift-argument-parser,apple,c5263709064113253bb71d94fd27f7afe522f382,Nate Cook,2020-03-12 11:36:03-05:00,0,0.0
swift-argument-parser,apple,28b51d494523ac8efe574739ac1e8059c31d8088,GitHub,2020-03-12 17:37:02+01:00,36,12.0
swift-argument-parser,apple,9af92b684e0ea28173cb92fa4874e82944dcfb98,GitHub,2020-03-13 19:53:08+01:00,0,0.0
swift-argument-parser,apple,12941604a7cd6c31555b014ce3f5f8348a51564a,GitHub,2020-03-14 03:55:38+09:00,90,30.0
swift-argument-parser,apple,2f7e13ae2ac0547c5fc71ee3bd5be13667574dd7,GitHub,2020-03-16 22:41:24+08:00,148,49.33
swift-argument-parser,apple,46464fd2e225193cda964494479e76c3d2c4a842,GitHub,2020-03-17 00:12:38+08:00,126,63.0
swift-argument-parser,apple,da56110041afb5514694598e597939d2c886e603,Nate Cook,2020-03-17 10:53:46-05:00,24,24.0
swift-argument-parser,apple,b01be8e51a7a49e48b60c97d01574ebbc1e4b7dc,Nate Cook,2020-03-17 10:54:42-05:00,0,0.0
swift-argument-parser,apple,4ac7d890e5732fdc770ba1a6e6a9454f3c63c0e6,Nate Cook,2020-03-17 11:15:26-05:00,0,0.0
swift-argument-parser,apple,454821303dd0995fa0eb18f848612f51260182a3,Nate Cook,2020-03-17 11:40:15-05:00,42,7.0
swift-argument-parser,apple,81b8064dbd99cf75a4734fa64efe5e680d0b4d9c,Nate Cook,2020-03-17 13:39:12-05:00,26,26.0
swift-argument-parser,apple,2d8a9bd1badfcf33fa96534d8db93c09d7884c72,GitHub,2020-03-19 00:29:33+08:00,0,0.0
swift-argument-parser,apple,9e77589d8532789635dc06e9ffce0280e2ca83d1,GitHub,2020-03-20 13:23:49-05:00,64,21.33
swift-argument-parser,apple,ddc828f8cb6b60600cf7360376838621eaa466e1,GitHub,2020-03-21 12:44:32-05:00,148,18.5
swift-argument-parser,apple,72fb0b168c5f97b00a80721cd86d229ee04d90b3,GitHub,2020-03-22 13:27:13-05:00,132,44.0
swift-argument-parser,apple,e37198976f726e9bf12ac71f3031e90131013f6c,GitHub,2020-03-23 03:30:11+09:00,50,25.0
swift-argument-parser,apple,ab0f98fe241c04b5a1e91ead9521bdaab0094c9b,Nate Cook,2020-03-22 13:54:38-05:00,-2,-2.0
swift-argument-parser,apple,14c7622293ffbb7a235e896e37adf7eb089884a3,Nate Cook,2020-03-22 19:03:38-05:00,36,36.0
swift-argument-parser,apple,d875544e9638843e9256c824764cd94ee584b366,Nate Cook,2020-03-23 13:38:29-05:00,4,4.0
swift-argument-parser,apple,8d31a0905c346a45c87773ad50862b5b3df8dff6,Nate Cook,2020-03-23 13:47:23-05:00,14,14.0
swift-argument-parser,apple,4922eaa2db462df3eac54c38224b5e6d2b4676d1,Nate Cook,2020-03-23 15:12:40-05:00,4,4.0
swift-argument-parser,apple,0458ae288ed91af39718a93fbc2c6cbba8de4195,GitHub,2020-03-28 02:48:07+08:00,456,114.0
swift-argument-parser,apple,023730bdda30adc0e40a37af94ef420c26585fdd,GitHub,2020-03-30 03:57:50+08:00,198,49.5
swift-argument-parser,apple,31799bc1b4015eec8a31d42a1f108b2955ec9a31,GitHub,2020-03-30 12:36:21-05:00,294,22.62
swift-argument-parser,apple,0b8a81924dabcfc1854f3f7186d08afed985cc45,Nate Cook,2020-03-31 14:58:47-05:00,22,22.0
swift-argument-parser,apple,42c9d4a02c029b8a0cda54060d4f4bbd0303405e,GitHub,2020-04-08 11:00:57-07:00,184,61.33
swift-argument-parser,apple,ac24dc6cafcc9cff9ec628df654bbae4123a84e4,Nate Cook,2020-04-09 13:28:59-05:00,10,5.0
swift-argument-parser,apple,047ac93a0247a3a0f47580bff9445e9a7acf8d58,GitHub,2020-04-11 05:03:46+02:00,24,24.0
swift-argument-parser,apple,ff363dccdde5ec73dab0cb64b273f1ce1c7c2bc7,GitHub,2020-04-15 14:30:37-05:00,-6,-6.0
swift-argument-parser,apple,9f04d1ff1afbccd02279338a2c91e5f27c45e93a,GitHub,2020-04-15 14:48:23-05:00,42,42.0
swift-argument-parser,apple,c114852474746f3a6573c1448e231854afb38807,GitHub,2020-04-18 18:21:51-06:00,418,209.0
swift-argument-parser,apple,f9329cbc4caf1ed6e886beb0fa24ccb7b0f34f3e,GitHub,2020-04-21 07:27:40-07:00,16,16.0
swift-argument-parser,apple,0a5d9d09fff985f5e1d479936885588e34b12336,GitHub,2020-04-21 15:31:45+01:00,6,6.0
swift-argument-parser,apple,1081d08b1d716e6a68a9cbc258bb309359fbae1e,GitHub,2020-04-21 15:31:57+01:00,484,69.14
swift-argument-parser,apple,c23dfb26daff914b2111d21389a6282adc2b9231,GitHub,2020-05-03 14:08:44-05:00,0,0.0
swift-argument-parser,apple,3166c458f99e51892aab0675ec2d1efb373864ed,GitHub,2020-05-04 23:32:45-05:00,8,8.0
swift-argument-parser,apple,e870503c45f53e70d820a6ed0f694065a506e626,GitHub,2020-05-10 17:08:44-05:00,524,58.22
swift-argument-parser,apple,809b2f9a04227efe86cfc8483d1110060455f1c9,GitHub,2020-05-11 14:19:23-05:00,2,2.0
swift-argument-parser,apple,7fc05c0da14d692073f0c477913e9dc97128b833,GitHub,2020-05-12 10:56:46-05:00,44,11.0
swift-argument-parser,apple,501bf60536048755cfcfae6d4d529049277c848b,GitHub,2020-05-14 09:08:19-05:00,78,13.0
swift-argument-parser,apple,afeb2009f815ac5c1102f3f28a5f9ea4f9df5abe,GitHub,2020-05-14 10:09:30-05:00,172,86.0
swift-argument-parser,apple,44fb59ef87c067265db9461f3f003d067e18b9d0,GitHub,2020-05-14 12:43:21-05:00,122,15.25
swift-argument-parser,apple,223d62adc52d51669ae2ee19bdb8b7d9fd6fcd9c,GitHub,2020-05-14 12:55:32-05:00,102,102.0
swift-argument-parser,apple,5f49a17c6aeff6da9f38ae02bb898d3ac09e25ee,GitHub,2020-05-15 15:01:12-05:00,296,148.0
swift-argument-parser,apple,a3ef4d29e116555b41827a368dc164ba572f6b38,GitHub,2020-05-15 23:16:05+03:00,24,12.0
swift-argument-parser,apple,df24620865738100fda0906748f29b584aa61fce,GitHub,2020-05-16 20:39:56+03:00,60,30.0
swift-argument-parser,apple,f18ce1a545460fc482bed3d402676455f87fb455,GitHub,2020-05-16 10:41:05-07:00,186,46.5
swift-argument-parser,apple,4143a356f1b9811704e38a49355da5cc9c53c3db,GitHub,2020-05-21 00:18:43-06:00,44,22.0
swift-argument-parser,apple,85196ee1d824d16b3f7f9870404b4b286e7c050e,GitHub,2020-05-22 17:04:14-05:00,106,7.57
swift-argument-parser,apple,ca89041e56f734f89fdf3b3d0208b674a7b899ea,GitHub,2020-05-28 01:05:47+03:00,48,24.0
swift-argument-parser,apple,8883f06b4e41cf1b6a0bea5444df3748798e44bf,GitHub,2020-05-28 01:13:15-05:00,72,14.4
swift-argument-parser,apple,4c071258909ec9b72fe9a2173598d9c6415de0cf,GitHub,2020-06-01 16:13:43-05:00,12,12.0
swift-argument-parser,apple,6c6b77c71329b5942da25ffd0f3986db55e5164a,GitHub,2020-06-01 16:14:15-05:00,416,69.33
swift-argument-parser,apple,c87d0d0dde8db485c796752491dab4c6102a3e0f,GitHub,2020-06-01 21:47:22-05:00,138,23.0
swift-argument-parser,apple,aad1ac085b722b6cddf18cd5eec7c20d2a0cad4a,GitHub,2020-06-02 14:07:16-05:00,0,0.0
swift-argument-parser,apple,6741c5ab92960be36105c3dcc44733f4b9620120,GitHub,2020-06-02 19:10:06-05:00,2,2.0
swift-argument-parser,apple,2c708bd25247a83fb4c6e3b10a51169c3bd6c50b,GitHub,2020-06-02 19:13:37-05:00,2,2.0
swift-argument-parser,apple,b69c4b41929f44e9df815c9560e9f3d3f03a69ed,GitHub,2020-06-03 08:45:14-05:00,80,80.0
swift-argument-parser,apple,ef76d22b8b2c413b23fcc5d65e7f2921c6e6a4be,GitHub,2020-06-03 11:18:42-05:00,20,3.33
swift-argument-parser,apple,3d79b2b5a2e5af52c14e462044702ea7728f5770,GitHub,2020-06-03 13:56:44-05:00,44,14.67
swift-argument-parser,apple,d9fc13572da823cdf030bc3861797131c80f0b91,GitHub,2020-06-06 18:49:51-05:00,0,0.0
swift-argument-parser,apple,59f39ec12754313507eeb3a78ca2132795bb4500,GitHub,2020-06-10 01:14:06+03:00,112,18.67
swift-argument-parser,apple,02a95bdaea0624c4437a2f067444a4d030f12595,GitHub,2020-06-11 22:09:26+06:00,50,16.67
swift-argument-parser,apple,f9446dc5b743c0deeff8b6f30ee63ebdfb566204,GitHub,2020-06-11 21:29:03-07:00,2,2.0
swift-argument-parser,apple,1fa25574f8b774a4689399c1da9db38e4f2ed16e,GitHub,2020-06-15 14:32:36-05:00,-42,-10.5
swift-argument-parser,apple,618f282c57b66b8351550f591209de4896f539df,GitHub,2020-06-16 11:44:39-07:00,12,12.0
swift-argument-parser,apple,f07d2fb10700872d35815b165e855d7899cab456,GitHub,2020-06-22 13:53:31-05:00,286,40.86
swift-argument-parser,apple,c0f9a5feeeaaf8eeaadd1f2cea30b9d7088ab6c3,GitHub,2020-06-22 21:12:51-07:00,1582,49.44
swift-argument-parser,apple,35ceb59427d0cc836bb57dee0a3d4ea7ae9b6c05,GitHub,2020-06-23 10:43:50-05:00,394,13.59
swift-argument-parser,apple,8de98bd8b9e84c9cdcebdcccaa1f3fdcbee525bd,GitHub,2020-06-23 11:00:17-05:00,0,0.0
swift-argument-parser,apple,eb51f949cdd0c9d88abba9ce79d37eb7ea1231d0,GitHub,2020-06-23 11:02:53-05:00,94,31.33
swift-argument-parser,apple,20920752498e8dd9ad5de1a37531d91fa5e24a48,GitHub,2020-06-29 21:53:49+02:00,60,20.0
swift-argument-parser,apple,e77b025008731be24d7f46e575def4027ab3a07e,GitHub,2020-06-29 21:25:46-06:00,-10,-10.0
swift-argument-parser,apple,78e6cf943630ef8bea7961c376cffc73eb31e09f,GitHub,2020-07-27 18:24:08-04:00,82,16.4
swift-argument-parser,apple,a4e4ae4e128a999fcf66f8364521398447a3a90b,GitHub,2020-07-28 12:34:12-04:00,-70,-5.83
swift-argument-parser,apple,b1f34b166b7b304d26ee1804320a2080660a8620,GitHub,2020-07-28 11:39:24-05:00,80,20.0
swift-argument-parser,apple,cdce71fed11666072f93f9e49ebbc11f0354b283,GitHub,2020-07-29 17:25:23-05:00,0,0.0
swift-argument-parser,apple,280700d361c1b3af6e2345f5e24f67fa9450bec6,GitHub,2020-07-29 17:58:44-05:00,3298,109.93
swift-argument-parser,apple,43b1cbe4e00335e73af69e66620c5a70ea2a427c,GitHub,2020-07-30 10:49:57-05:00,2,2.0
swift-argument-parser,apple,7255fd547f70468e19abbac5f7964f1ef309ad92,GitHub,2020-07-30 11:15:37-05:00,62,62.0
swift-argument-parser,apple,be80c40cecb77be804933754adcd6a8bdf1aa969,GitHub,2020-07-31 21:23:22+00:00,12,12.0
swift-argument-parser,apple,163211e2e48d958cdb6a55b50012e04dd1b8f583,GitHub,2020-08-03 12:26:25-07:00,8,2.67
swift-argument-parser,apple,5323d56ea914085bee3fea5546b9e1ad8e0af858,GitHub,2020-08-04 22:51:32-05:00,112,56.0
swift-argument-parser,apple,c3c1a5fc77324e99e5e1bf3d8ac834165f9f6f80,GitHub,2020-08-05 08:46:11-05:00,12,4.0
swift-argument-parser,apple,115cacd4a1277e1145395da10187a37888a087ca,GitHub,2020-08-05 10:49:05-06:00,0,0.0
swift-argument-parser,apple,3e7d2fe99da091dcc1e4a7dd22fc3cfc2dca7937,GitHub,2020-08-05 12:46:50-05:00,30,30.0
swift-argument-parser,apple,6180c8ba819d595461ea7ae92667fb5689ede482,GitHub,2020-08-06 11:58:15-04:00,0,0.0
swift-argument-parser,apple,b905f5c777458af6fc5649b0dfb5f3d8092ad5e3,GitHub,2020-08-12 14:17:58-05:00,32,16.0
swift-argument-parser,apple,2104b1a314c7d7f83310f9b35a054294dc7f8dd3,GitHub,2020-08-13 10:11:08-07:00,486,81.0
swift-argument-parser,apple,8dfa17710296c31d8760c9f2fd86f0aab263a5dd,GitHub,2020-08-14 13:00:07-07:00,778,155.6
swift-argument-parser,apple,15351c1cd009eba0b6e438bfef55ea9847a8dc4a,GitHub,2020-08-15 13:14:52-05:00,56,18.67
swift-argument-parser,apple,06c44f562984a1216154e3bb86780d770ec9cc00,GitHub,2020-08-28 16:37:23-05:00,0,0.0
swift-argument-parser,apple,365ca6a987427aa05785e0913dbba87ffea0da89,GitHub,2020-08-28 16:37:31-05:00,0,0.0
swift-argument-parser,apple,db24cb1275f5ad471ece151614f3f883235f012f,GitHub,2020-09-01 09:31:42-05:00,176,25.14
swift-argument-parser,apple,344537137b1503b78e84d7bb3297499813cf5b51,GitHub,2020-09-01 21:07:35-05:00,-246,-24.6
swift-argument-parser,apple,c34703022caee33d5e93f8d8e48f05ef76071b99,GitHub,2020-09-02 10:29:21-05:00,0,0.0
swift-argument-parser,apple,92646c0cdbaca076c8d3d0207891785b3379cbff,GitHub,2020-09-02 10:41:59-05:00,36,36.0
swift-argument-parser,apple,c17e00a3bf6bcc0d461912cc339c44fca7bc070d,GitHub,2020-09-18 09:55:07-07:00,56,28.0
swift-argument-parser,apple,cb1f0456acbc252e7a884b699a73fc343305700c,GitHub,2020-09-19 20:07:31-07:00,2,1.0
swift-argument-parser,apple,3cc904427fdbca3319b390c5e87e43872c701e15,GitHub,2020-09-24 14:59:35-05:00,0,0.0
swift-argument-parser,apple,d424bca0ec66ec0e3888ebdc118379d348a67da3,GitHub,2020-10-06 09:05:25+02:00,6,6.0
swift-argument-parser,apple,8492882b030ad1c8e0bb4ca9d9ce06b07a8150b2,GitHub,2020-10-20 11:14:22-07:00,0,0.0
swift-argument-parser,apple,bb370a320b229aa8f9eb0352d4fbc6e9874325f8,GitHub,2020-10-28 10:17:11-05:00,0,0.0
swift-argument-parser,apple,d633b4370ee0cfc03e584084bf4ab6d4e83c037d,GitHub,2020-11-02 08:32:58+01:00,8,8.0
swift-argument-parser,apple,53555a04503c175eaffcf587e4b8c380a7c41a5c,GitHub,2020-11-05 22:37:36+03:00,126,63.0
swift-argument-parser,apple,4273ad222e6c51969e8585541f9da5187ad94e47,GitHub,2020-12-10 22:02:33+00:00,4,4.0
swift-argument-parser,apple,41f5fe52a34b2c7b9938996387fabfaca21918bd,GitHub,2021-01-05 17:22:31+01:00,0,0.0
swift-argument-parser,apple,9564d61b08a5335ae0a36f789a7d71493eacadfc,GitHub,2021-01-15 23:46:48-06:00,58,58.0
swift-argument-parser,apple,d80c0172d8f5a1f707e8471bc0551f9833adbbfe,GitHub,2021-01-16 11:53:39+06:00,164,32.8
swift-argument-parser,apple,2a4664a40b8156f113512f17c4e272cfa84b20e0,GitHub,2021-01-16 00:18:23-06:00,632,70.22
swift-argument-parser,apple,9fe9374a1fbf1f2364b7e4cbc8dfd4e970723f32,GitHub,2021-01-16 00:47:11-06:00,-736,-122.67
swift-argument-parser,apple,75c4dcd2e7cd0878aa1d29e6b493a8abcd65d753,GitHub,2021-01-16 02:32:24-06:00,32,5.33
swift-argument-parser,apple,605a2330c5643bc12b6e4efab726b372c38b5c5d,GitHub,2021-02-11 10:41:46-06:00,4,0.67
swift-argument-parser,apple,26114e5f963c8ab038632bda0ae6dec506fb1434,GitHub,2021-02-11 10:53:39-06:00,-4,-4.0
swift-argument-parser,apple,e99a8ef488533e3b331535902843230d2566d4ed,GitHub,2021-02-15 15:28:13-06:00,190,31.67
swift-argument-parser,apple,267558bb4dd72742352bea9293c00f8c149c911f,GitHub,2021-02-15 16:17:13-07:00,24,12.0
swift-argument-parser,apple,5bfb39ac07561d05f23eb4f9ed48237674a1416e,GitHub,2021-02-16 07:30:31-08:00,70,23.33
swift-argument-parser,apple,e5178a971d2c82b059a9966671b707e3e70b5384,GitHub,2021-02-18 14:03:13-06:00,-118,-59.0
swift-argument-parser,apple,b1380e7ec17c78426b9c0000fffdd01b52400c3e,GitHub,2021-03-04 12:01:37-08:00,6,6.0
swift-argument-parser,apple,69ddee8c323ed468539e3b05e8c01e3d5a37bf6a,GitHub,2021-03-04 15:50:42-06:00,126,42.0
swift-argument-parser,apple,26744de9d875f9062a61b12e8162617024e0125c,GitHub,2021-03-06 20:10:43+01:00,8,4.0
swift-argument-parser,apple,4793b0f4b9949868fbae906901bc55836ae71367,GitHub,2021-03-06 20:11:58+01:00,86,14.33
swift-argument-parser,apple,380eb7237897b2b56728630460fd0d9b1efd4eca,GitHub,2021-03-06 19:02:45-06:00,158,52.67
swift-argument-parser,apple,831ed5e860a70e745bc1337830af4786b2576881,GitHub,2021-03-08 15:00:41-06:00,38,38.0
swift-argument-parser,apple,080372b7cd10fb51fc7f9500098ef96d753ec5d1,GitHub,2021-03-11 23:07:12-08:00,6,3.0
swift-argument-parser,apple,0fccec728db9675a666c15c9448504a6ad2784e2,GitHub,2021-03-24 12:20:35-07:00,-10,-10.0
swift-argument-parser,apple,b936799bcaa6c2e4fbb74507109f9b18d6650de3,GitHub,2021-03-29 13:46:26-04:00,16,8.0
swift-argument-parser,apple,bafa74a9e47345af8e2e457ee6cee6c575920a80,GitHub,2021-04-14 23:07:24-07:00,552,55.2
swift-argument-parser,apple,cdb0e715845bb0e83a5e5d5b5bca47856cf7808c,GitHub,2021-04-15 01:28:48-05:00,-14,-4.67
swift-argument-parser,apple,f314199a3db41cc7d421b1d6d409a35cd0a237ed,GitHub,2021-04-21 13:17:32-04:00,88,29.33
swift-argument-parser,apple,47bd06ebeff8146ecd0020809e186218b46f465f,GitHub,2021-04-21 18:00:54-05:00,38,38.0
swift-argument-parser,apple,ee32b809403dc77bded883194e3bbcb107be5104,GitHub,2021-04-24 22:28:10-04:00,100,14.29
swift-argument-parser,apple,986d191f94cec88f6350056da59c2e59e83d1229,GitHub,2021-04-28 10:41:32-05:00,20,20.0
swift-argument-parser,apple,267f707294e252bd2416d6b6d95f5a5cbc13f011,GitHub,2021-05-14 10:27:05-05:00,48,6.0
swift-argument-parser,apple,167704f261c839263db03d84055ce7aa0660c070,GitHub,2021-05-14 17:28:32-05:00,22,11.0
swift-argument-parser,apple,c002f406ac58dc955699122312cf4acd4d220826,GitHub,2021-05-14 21:39:51-05:00,-8,-2.67
swift-argument-parser,apple,992a7451d546ede8825284530ffdb541c9a316ef,GitHub,2021-05-15 10:30:48-05:00,120,15.0
swift-argument-parser,apple,959aa19cdfe1e7bffdd0bdd1c62cce33dcf653da,GitHub,2021-05-17 15:31:49-05:00,76,76.0
swift-argument-parser,apple,fe71d4007d87b54883cf3f79f24ef24d7dcff8d1,GitHub,2021-05-17 15:32:17-05:00,4,4.0
swift-argument-parser,apple,860afdad318c0e2e25084d73ca963d98c58f4997,GitHub,2021-05-20 14:03:19-10:00,62,5.64
swift-argument-parser,apple,f4353dbe3a6c371d7e2b3390dc06051152b65d42,GitHub,2021-05-22 05:59:37-10:00,-2,-0.29
swift-argument-parser,apple,615c9464b8fd3fc6ffea6a253b21034d5c044963,GitHub,2021-05-22 12:31:05-07:00,2,2.0
swift-argument-parser,apple,e566395765da4c5b963f43f90f83074494324d28,GitHub,2021-06-04 16:53:48+02:00,0,0.0
swift-argument-parser,apple,91fbf3887d391ea05dd69fb65551927a080edf49,GitHub,2021-06-04 16:59:00+02:00,0,0.0
swift-argument-parser,apple,530a75455555f9342f46d00f36cc92be76591abf,GitHub,2021-06-09 11:28:00-05:00,52,13.0
swift-argument-parser,apple,37610bc875150dbe28bf3ecf8be96b79aebe0442,GitHub,2021-06-10 18:07:02+02:00,-4,-2.0
swift-argument-parser,apple,1529e40774c23861fcfe8d118fc37f1f279fd57e,GitHub,2021-06-21 12:18:33-04:00,0,0.0
swift-argument-parser,apple,23f7265cd622c892c7c2311b335060b896ef01fb,GitHub,2021-07-02 17:39:30-05:00,94,31.33
swift-argument-parser,apple,cfcb9cb0cd6f0aef657d9c26ff28db8e2d14369e,GitHub,2021-07-08 03:09:21+09:00,2120,163.08
swift-argument-parser,apple,19a5e2aca4dd766232310b031e5aa43d59ee8912,GitHub,2021-07-09 08:28:53-07:00,2,2.0
swift-argument-parser,apple,685341f6299e3f276a523b44a44d97f375c84884,GitHub,2021-07-20 12:59:36-05:00,4,0.67
swift-argument-parser,apple,d4d1879c9de3f953c70c1236617d9169f767a1a8,GitHub,2021-07-29 11:23:50-07:00,102,34.0
swift-argument-parser,apple,6619de698b7f4364460384cfd89f8d0139ac4217,GitHub,2021-07-30 12:15:08-05:00,10,2.0
swift-argument-parser,apple,b3bef589852dd852151170d22f8b65bb5440b82c,GitHub,2021-08-26 12:21:45-07:00,1580,158.0
swift-argument-parser,apple,eef1f7590aa2578305daae01daf7cf4e482e24c8,GitHub,2021-08-30 16:17:52-07:00,26,8.67
swift-argument-parser,apple,9b6827d34862cf6154df458c10e2646678278cf1,GitHub,2021-09-01 16:42:17-05:00,-4,-0.67
swift-argument-parser,apple,6b2aa2748a7881eebb9f84fb10c01293e15b52ca,GitHub,2021-09-03 12:30:52-05:00,148,49.33
swift-argument-parser,apple,d4dd8e7c23aa7625194e14b27485527522034258,GitHub,2021-09-09 11:54:58-07:00,0,0.0
swift-argument-parser,apple,397d704f05751624711caa93064aaa810a9b2032,GitHub,2021-09-10 12:50:42-05:00,826,43.47
swift-argument-parser,apple,b77ea81c44ef03a60bd18624e7f6090190f19003,GitHub,2021-09-10 17:54:35-05:00,64,32.0
swift-argument-parser,apple,ddd45aa2e03d704161f44eab2ba985c51ff856c9,GitHub,2021-09-10 18:30:09-05:00,-182,-182.0
swift-argument-parser,apple,fd4c3b68a0c04c4c6cda27f0213c3703d50080e8,GitHub,2021-09-10 19:04:33-05:00,18,4.5
swift-argument-parser,apple,afe0b9588ef38957d7664fd55344f2e84f929b1b,GitHub,2021-09-13 23:24:33+02:00,0,0.0
swift-argument-parser,apple,d2930e8fcf9c33162b9fcc1d522bc975e2d4179b,GitHub,2021-09-14 09:46:59-05:00,20,20.0
swift-argument-parser,apple,b2e411887ec36f7736dd059438d061e3288ddce0,GitHub,2021-11-08 17:50:43-08:00,16,4.0
swift-argument-parser,apple,e1465042f195f374b94f915ba8ca49de24300a0d,GitHub,2021-11-10 11:04:24-06:00,20,20.0
swift-argument-parser,apple,d7f63849fb9a3410c087b3c0920fd6cf7057f8ab,GitHub,2021-12-07 09:47:43-07:00,8,4.0
swift-argument-parser,apple,7e04f56c1db6e92f18e753c7e46c6a35b030f41b,GitHub,2021-12-10 11:31:20-08:00,0,0.0
swift-argument-parser,apple,3bbfafecde327420345785ac0c8ac7cbe364dcc7,GitHub,2021-12-16 09:09:09-05:00,0,0.0
swift-argument-parser,apple,e73578df2d30097b8847168cd6691c6ebbbf2f72,GitHub,2022-01-03 15:59:54-06:00,-28,-5.6
swift-argument-parser,apple,90f76c14b43783ad3162c163ba9f6ac1b72f9a04,GitHub,2022-01-05 09:02:31-08:00,116,58.0
swift-argument-parser,apple,cca8f80939f43cb631f6a1c3e7003ce280831542,GitHub,2022-01-06 23:56:44+08:00,22,5.5
swift-argument-parser,apple,020800d75c044572abc8553a1a5982a3d0eaa5e5,GitHub,2022-01-10 13:18:52-08:00,2,2.0
swift-argument-parser,apple,df75d7009ed04aed5d4bbf79d5f4a786caa87ba2,GitHub,2022-01-10 13:58:49-08:00,2,2.0
swift-argument-parser,apple,00a86771caa3cd1ff4db09f4a2bd28c70fdc54cc,GitHub,2022-01-10 14:02:50-08:00,-18,-4.5
swift-argument-parser,apple,9e1448215699a8757d9729450e4b7a1951d8af2a,GitHub,2022-01-11 17:47:13-05:00,0,0.0
swift-argument-parser,apple,403d34dfe671b28502fa0d62a926ae7aa748dcd3,GitHub,2022-01-12 09:29:03-08:00,22,22.0
swift-argument-parser,apple,cc481f7d1cc911e96a9a403a9c2abeb69d337c2c,GitHub,2022-01-18 21:05:50-08:00,2,2.0
swift-argument-parser,apple,4cdcc1781dafa7f4b9d64cd971498c538978a0fe,GitHub,2022-01-21 16:33:25+01:00,132,33.0
swift-argument-parser,apple,2b352c08c252a1f4eb708afbefeefeace2f704fc,GitHub,2022-01-25 17:43:44+01:00,68,34.0
swift-argument-parser,apple,0b17e346422c94f23b7a876cb3876686bf46ea84,GitHub,2022-01-28 12:58:22-06:00,34,8.5
swift-argument-parser,apple,9a71866646c5fd5ab41ac0a7c9cbaf7ca3c081ee,GitHub,2022-01-28 20:03:43+01:00,16,16.0
swift-argument-parser,apple,1a5b1b3c0341c052a31cf84c973afbf6b2787ae6,GitHub,2022-01-31 14:55:19-06:00,296,74.0
swift-argument-parser,apple,577279444dc474622c24cb701a08095fcf4eba0d,GitHub,2022-02-01 00:18:11-06:00,74,74.0
swift-argument-parser,apple,5540737e97e8222102277d3af6bc4a0064556847,GitHub,2022-02-11 13:41:27-06:00,386,48.25
swift-argument-parser,apple,b54737404930aedfe701983c34417d9af2709885,GitHub,2022-02-11 12:25:22-08:00,212,21.2
swift-argument-parser,apple,1e6cf8bf251374f5568bf60caaf5f562a9585fb4,GitHub,2022-02-11 22:54:20-08:00,22,2.2
swift-argument-parser,apple,7fdd562901f9dc60f0399c373fb0e8f4a2703991,GitHub,2022-02-12 14:34:05-08:00,52,17.33
swift-argument-parser,apple,185b45fa064fada45379dae5062ae8b4dce2c1e2,GitHub,2022-02-12 14:35:31-08:00,-128,-16.0
swift-argument-parser,apple,63e6c57b63e208dbfe57fa034aceec4f9f04122e,GitHub,2022-02-12 14:50:09-08:00,50,12.5
swift-argument-parser,apple,e3673688cf193c6597bccadc8b527dedb072d5bd,GitHub,2022-02-12 16:11:07-08:00,142,20.29
swift-argument-parser,apple,e344426b07922a82e60d53c9fae6f6a4e30bb881,GitHub,2022-02-14 11:17:06-08:00,20,20.0
swift-argument-parser,apple,e7765e1f396716d97a352ba0b996fc0b8b933ff1,GitHub,2022-02-14 21:54:57-08:00,102,7.29
swift-argument-parser,apple,88af18f986ae0a60cbc7fa8356a0067826871e7e,GitHub,2022-02-15 10:55:27-08:00,24,2.4
swift-argument-parser,apple,4de228195c63460feed68744a757f1d0b39c729e,GitHub,2022-02-15 14:57:43-06:00,22,3.67
swift-argument-parser,apple,b3a9c24f15db8df15f39cf9d1f7447fe0f1f43c4,GitHub,2022-02-17 18:29:07-08:00,0,0.0
swift-argument-parser,apple,c959b3a5d2e301c934c74d3fbb176bd717bfaf5f,GitHub,2022-03-07 18:40:34-06:00,62,20.67
swift-argument-parser,apple,6f30db08e60f35c1c89026783fe755129866ba5e,GitHub,2022-03-12 12:33:19-06:00,58,19.33
swift-argument-parser,apple,357c419ec98348cdd2a2aecaa2322d1298b63078,GitHub,2022-03-15 03:47:32+09:00,0,0.0
swift-argument-parser,apple,1141ed1e1bed46ab16b6c96bf5ba90b85f6a8997,GitHub,2022-03-14 18:14:09-05:00,304,20.27
swift-argument-parser,apple,d7a5a794c5e04d6a48fb8d0caf58ba6affa8503e,GitHub,2022-03-14 23:51:10-05:00,64,32.0
swift-argument-parser,apple,d52044c091d2c02986dfd8c4ef183076ea2dc876,GitHub,2022-03-15 00:59:37-05:00,398,23.41
swift-argument-parser,apple,554e7659eb5b4dff97158d531aabecf11d546e2d,GitHub,2022-03-15 01:34:11-05:00,92,92.0
swift-argument-parser,apple,055e0eaf8c6c992e595e093f2d282875feb16059,GitHub,2022-03-15 12:05:09-05:00,2,0.67
swift-argument-parser,apple,7dd164a685f5410c8302780c9a59f526daddcdd0,GitHub,2022-03-15 14:02:18-07:00,0,0.0
swift-argument-parser,apple,777930b99df747c84a2c0f1390500374cfa0d9fb,GitHub,2022-03-16 07:30:46-05:00,8,2.67
swift-argument-parser,apple,b054991507a72695bdcd946ca32c35856bad5c8e,GitHub,2022-03-16 05:49:48-07:00,8,8.0
swift-argument-parser,apple,82905286cc3f0fa8adc4674bf49437cab65a8373,GitHub,2022-03-16 08:18:20-05:00,22,22.0
swift-argument-parser,apple,abe33fad69b7bd9f19c92ab7bbd3feb1482b5242,GitHub,2022-03-31 10:33:46-07:00,-2,-2.0
swift-argument-parser,apple,18b003997399c3add1c803d90b8d4b4e01077f6a,GitHub,2022-04-03 04:13:09+08:00,28,4.67
swift-argument-parser,apple,dd6efd05cbc1c4cb9026a8f28bdb69deaf8b26ee,GitHub,2022-04-04 12:58:31+08:00,58,19.33
swift-argument-parser,apple,f3c9084a71ef4376f2fabbdf1d3d90a49f1fabdb,GitHub,2022-04-11 13:49:23-05:00,40,40.0
swift-argument-parser,apple,4f63cee9520fe34b4e064322881d72608b11197c,GitHub,2022-04-23 18:56:15-07:00,228,57.0
swift-argument-parser,apple,060d52364cf2a3e06b7adf0b17dbb7c33c77e1d3,GitHub,2022-05-11 12:10:01-07:00,-38,-38.0
swift-argument-parser,apple,68b94a4c7341d9bbb11a5b882cd37ea4f1e5a508,GitHub,2022-05-18 01:36:30+09:00,56,28.0
swift-argument-parser,apple,78213f31921c537ba6896864057d1bf636714fb2,GitHub,2022-06-05 00:26:16-03:00,122,61.0
swift-argument-parser,apple,48a799e04aaa81a246cfbfffceb87f6c01df02a8,GitHub,2022-06-06 09:09:34-07:00,7534,193.18
swift-argument-parser,apple,c61fc0f7f0b10fbbdbdc7e0b31cf1b7f8fd35ea0,GitHub,2022-06-14 01:50:43+08:00,60,30.0
swift-argument-parser,apple,975b435592908a66240a080bde57dc4e746c0556,GitHub,2022-06-24 02:06:58+08:00,4,2.0
swift-argument-parser,apple,df9ee6676cd5b3bf5b330ec7568a5644f547201b,GitHub,2022-06-23 13:28:27-05:00,54,54.0
swift-argument-parser,apple,898d1ae9dd7d9ff9af39e66bea744d52f69df2e3,GitHub,2022-08-13 14:01:02-07:00,6,6.0
swift-argument-parser,apple,4b93f3ecb32a55f1f8c99171316a2061ae0c5860,GitHub,2022-08-25 09:47:57-07:00,62,6.89
swift-argument-parser,apple,e978a3831f217f5e5cb65f218ef8665d535b13d7,GitHub,2022-08-26 00:03:35-07:00,0,0.0
swift-argument-parser,apple,b1b0595a966e9b5851ad80e8c0c9e34a86df2abc,GitHub,2022-08-26 00:08:04-07:00,0,0.0
swift-argument-parser,apple,f1c6afd1754f2e0cca080a712c7a5cb14596f98c,GitHub,2022-08-26 00:13:12-07:00,14,2.33
swift-argument-parser,apple,0672ff85bc0c7c241215d2344444e31361749d61,GitHub,2022-08-26 00:15:45-07:00,0,0.0
swift-argument-parser,apple,67fa3c00cdab00ca90977c82d59fce777ceb2e11,GitHub,2022-08-26 16:49:30-07:00,108,36.0
swift-argument-parser,apple,9f39744e025c7d377987f30b03770805dcb0bcd1,GitHub,2022-08-26 20:30:47-07:00,94,94.0
swift-argument-parser,apple,0bac2cc0f19b317642ffe0ebfb0b184626fa7603,GitHub,2022-08-30 22:23:15-05:00,108,9.0
swift-argument-parser,apple,d7aa4401fe3705fcccf5f13f116c827a5cf19056,GitHub,2022-09-01 15:23:45-05:00,12,6.0
swift-argument-parser,apple,09106ba1ca5cc548769915f7d62471252edc9e31,GitHub,2022-09-09 15:12:31-05:00,124,62.0
swift-argument-parser,apple,607021b737e4381b0201b384f1f39d6b42e9b05c,GitHub,2022-09-10 16:40:31-07:00,2464,154.0
swift-argument-parser,apple,7506042c65096b20b58f52f9690d7136005f36af,GitHub,2022-09-14 11:16:15-05:00,100,20.0
swift-argument-parser,apple,841b8538e4ff1ef669b87aa213038a750c4c6bce,GitHub,2022-09-17 10:28:40-07:00,0,0.0
swift-argument-parser,apple,774de9c40903f4b2ea454e9aad209f467fe53a63,GitHub,2022-09-20 14:25:03-05:00,28,9.33
swift-argument-parser,apple,587d26a2aa5d962b8845805378fa93b7c270d820,GitHub,2022-09-23 00:43:48+10:00,328,14.26
swift-argument-parser,apple,d88d4de38b8a81d11503a10c073ac3ce570d9262,GitHub,2022-09-23 10:39:16-05:00,0,0.0
swift-argument-parser,apple,b80fb05f45cf85f609eef759e607f42a1180e513,GitHub,2022-09-26 18:47:40-05:00,1162,105.64
swift-argument-parser,apple,a8b48bc389a246d074183b83caeb31254e973844,GitHub,2022-10-07 16:18:52-05:00,652,81.5
swift-argument-parser,apple,8a38c7ca5c23a9441373f2bf6f841da7d5ceac6c,GitHub,2022-10-09 11:12:09-07:00,2,2.0
swift-argument-parser,apple,3d6df7cf3747187f0fd29643c1165f5de5057567,GitHub,2022-10-10 17:50:20-05:00,106,17.67
swift-argument-parser,apple,b99e170f1ccb94977f8edf68988863936132276e,GitHub,2022-10-12 10:45:51-07:00,8,8.0
swift-argument-parser,apple,f8b5e7127cdeba6f54491603b8e23a5c8148fbf4,GitHub,2022-10-14 14:56:03-05:00,90,11.25
swift-argument-parser,apple,76259ebe8c477ecc4e938d0831aea4c25f9ee3ee,GitHub,2022-10-18 12:50:55-05:00,2,2.0
swift-argument-parser,apple,3469a65d52ac95b00410456381bda145a03c3feb,GitHub,2022-10-26 10:37:54-05:00,22,22.0
swift-argument-parser,apple,49e3214db963884d49e2a3e02997ad8ec5cb8d5d,GitHub,2022-10-28 11:36:39-07:00,-56,-28.0
swift-argument-parser,apple,90334086d94359fe8d1a0c4b347dcd4bef7f06a7,GitHub,2022-10-28 14:08:54-05:00,2,1.0
swift-argument-parser,apple,4256f8848801c7341770d0c8d31ccc968c659c81,GitHub,2022-11-01 14:13:03-05:00,58,14.5
swift-argument-parser,apple,5535a95838c6e9ef0e24c48a200a8faf879e418a,GitHub,2022-11-04 16:18:24-05:00,-30,-7.5
swift-argument-parser,apple,fddd1c00396eed152c45a46bea9f47b98e59301d,GitHub,2022-11-08 13:45:58-06:00,134,44.67
swift-argument-parser,apple,10ee916bac2fdc66cf592b5199f36eb12d4d1999,GitHub,2022-11-08 18:19:03-06:00,10,10.0
swift-argument-parser,apple,208594a75724c4b7d2a1e78597e3084af61e8f21,GitHub,2022-11-15 00:42:12+09:00,0,0.0
swift-argument-parser,apple,8f9fa6fc9f32d721520176d6455467dfca8172cf,GitHub,2022-11-15 10:30:40-08:00,0,0.0
swift-argument-parser,apple,f94e4b995142f2dc83430af9521cb19997f703f1,GitHub,2022-11-16 09:30:27-06:00,78,26.0
swift-argument-parser,apple,c5f71fd49fa40557c006f5158f50a0a02c219751,GitHub,2022-11-21 22:19:05-08:00,20,10.0
swift-argument-parser,apple,e48e467b90322177bda55e6a10eb85cba9c8f227,GitHub,2022-11-21 22:24:42-08:00,4,2.0
swift-argument-parser,apple,e7f312e06e3de98aa28deb9e653e43d8e453d1e5,GitHub,2022-11-21 22:27:42-08:00,0,0.0
swift-argument-parser,apple,bc29743b72c19c93c49e010d980725052c4569b3,GitHub,2022-11-21 22:29:52-08:00,142,47.33
swift-argument-parser,apple,8f7e87bd0e0e1c96ae5d1622871820149b8e8c2d,GitHub,2022-11-21 22:46:34-08:00,-2,-0.5
swift-argument-parser,apple,83c0ef07c36676e7fd14c4fe373b13a81ed1b600,GitHub,2022-12-11 01:11:02+03:18,0,0.0
swift-argument-parser,apple,99e2e97fd9fda9ce07e02e845ad53c5e072b0756,GitHub,2023-01-10 01:55:41+09:00,164,54.67
swift-argument-parser,apple,9f103e4e68c098e40773dca15bf46d5a69920167,GitHub,2023-01-09 11:11:22-06:00,0,0.0
swift-argument-parser,apple,255ef663831e9f10cc7b5b6bf74b5708605084a3,GitHub,2023-01-09 09:17:53-08:00,0,0.0
swift-argument-parser,apple,3b6f81459b60aa4c309a515c94f8a05176ef57b4,GitHub,2023-01-13 11:23:44-03:00,24,12.0
swift-argument-parser,apple,846d1ad58ca935f40fe988ac5b46c90ec93ed4c5,GitHub,2023-01-13 10:52:28-06:00,0,0.0
swift-argument-parser,apple,4ad606ba5d7673ea60679a61ff867cc1ff8c8e86,GitHub,2023-01-13 13:15:14-06:00,64,64.0
swift-argument-parser,apple,478c2df6ab904da9fe8bbc21210e2dd0c50e73c9,GitHub,2023-01-27 10:45:06-06:00,116,116.0
swift-argument-parser,apple,a9b9644153cb27806b16aff1594a84192dcd7e4c,GitHub,2023-02-02 08:33:51-06:00,-60,-2.86
swift-argument-parser,apple,f674173291ef1dc5bd51f63175179ffb3f6a97fd,GitHub,2023-02-08 21:02:46-08:00,114,19.0
swift-argument-parser,apple,fee6933f37fde9a5e12a1e4aeaa93fe60116ff2a,GitHub,2023-02-09 09:25:51-08:00,32,32.0
swift-argument-parser,apple,5649a380d7de5cb0bab087070a57c477bf6d652e,GitHub,2023-02-14 21:54:42-08:00,30,10.0
swift-argument-parser,apple,c5050aa63ed5bb23209e7120b7ff6618ee06e0ee,GitHub,2023-02-23 14:00:14-06:00,152,76.0
